Age (Ma),"k (""/y)"
0,50.467718
1,50.48752966
2,50.50734131
3,50.52715297
4,50.54696463
5,50.56677628
6,50.58658794
7,50.6063996
8,50.62621125
9,50.64602291
10,50.66583457
11,50.68564622
12,50.70545788
13,50.72526954
14,50.74508119
15,50.76489285
16,50.78470451
17,50.80451616
18,50.82432782
19,50.84413948
20,50.86395113
21,50.88376279
22,50.90357445
23,50.9233861
24,50.94319776
25,50.96300942
26,50.98282107
27,51.00263273
28,51.02244438
29,51.04225604
30,51.0620677
31,51.08187935
32,51.10169101
33,51.12150267
34,51.14131432
35,51.16112598
36,51.18093764
37,51.20074929
38,51.22056095
39,51.24037261
40,51.26018426
41,51.27999592
42,51.29980758
43,51.31961923
44,51.33943089
45,51.35924255
46,51.3790542
47,51.39886586
48,51.41867752
49,51.43848917
50,51.45830083
51,51.47811249
52,51.49792414
53,51.5177358
54,51.53754746
55,51.55735911
56,51.57717077
57,51.59698243
58,51.61679408
59,51.63660574
60,51.6564174
61,51.67622905
62,51.69604071
63,51.71585237
64,51.73566402
65,51.75547568
66,51.77528734
67,51.79509899
68,51.81491065
69,51.83472231
70,51.85453396
71,51.87434562
72,51.89415728
73,51.91396893
74,51.93378059
75,51.95359225
76,51.9734039
77,51.99321556
78,52.01302721
79,52.03283887
80,52.05265053
81,52.07246218
82,52.09227384
83,52.1120855
84,52.13189715
85,52.15170881
86,52.17152047
87,52.19133212
88,52.21114378
89,52.23095544
90,52.25076709
91,52.27057875
92,52.29039041
93,52.31020206
94,52.33001372
95,52.34982538
96,52.36963703
97,52.38944869
98,52.40926035
99,52.429072
100,52.44888366
101,52.46869532
102,52.48850697
103,52.50831863
104,52.52813029
105,52.54794194
106,52.5677536
107,52.58756526
108,52.60737691
109,52.62718857
110,52.64700023
111,52.66681188
112,52.68662354
113,52.7064352
114,52.72624685
115,52.74605851
116,52.76587017
117,52.78568182
118,52.80549348
119,52.82530514
120,52.84511679
121,52.86492845
122,52.88474011
123,52.90455176
124,52.92436342
125,52.94417508
126,52.96398673
127,52.98379839
128,53.00361005
129,53.0234217
130,53.04323336
131,53.06304501
132,53.08285667
133,53.10266833
134,53.12247998
135,53.14229164
136,53.1621033
137,53.18191495
138,53.20172661
139,53.22153827
140,53.24134992
141,53.26116158
142,53.28097324
143,53.30078489
144,53.32059655
145,53.34040821
146,53.36021986
147,53.38003152
148,53.39984318
149,53.41965483
150,53.43946649
151,53.45927815
152,53.4790898
153,53.49890146
154,53.51871312
155,53.53852477
156,53.55833643
157,53.57814809
158,53.59795974
159,53.6177714
160,53.63758306
161,53.65739471
162,53.67720637
163,53.69701803
164,53.71682968
165,53.73664134
166,53.756453
167,53.77626465
168,53.79607631
169,53.81588797
170,53.83569962
171,53.85551128
172,53.87532294
173,53.89513459
174,53.91494625
175,53.93475791
176,53.95456956
177,53.97438122
178,53.99419288
179,54.01400453
180,54.03381619
181,54.05362785
182,54.0734395
183,54.09325116
184,54.11306281
185,54.13287447
186,54.15268613
187,54.17249778
188,54.19230944
189,54.2121211
190,54.23193275
191,54.25174441
192,54.27155607
193,54.29136772
194,54.31117938
195,54.33099104
196,54.35080269
197,54.37061435
198,54.39042601
199,54.41023766
200,54.43004932
201,54.44986098
202,54.46967263
203,54.48948429
204,54.50929595
205,54.5291076
206,54.54891926
207,54.56873092
208,54.58854257
209,54.60835423
210,54.62816589
211,54.64797754
212,54.6677892
213,54.68760086
214,54.70741251
215,54.72722417
216,54.74703583
217,54.76684748
218,54.78665914
219,54.8064708
220,54.82628245
221,54.84609411
222,54.86590577
223,54.88571742
224,54.90552908
225,54.92534074
226,54.94515239
227,54.96496405
228,54.98477571
229,55.00458736
230,55.02439902
231,55.04421068
232,55.06402233
233,55.08383399
234,55.10364564
235,55.1234573
236,55.14326896
237,55.16308061
238,55.18289227
239,55.20270393
240,55.22251558
241,55.24232724
242,55.2621389
243,55.28195055
244,55.30176221
245,55.32157387
246,55.34138552
247,55.36119718
248,55.38100884
249,55.40082049
250,55.42063215
251,55.44044381
252,55.46025546
253,55.48006712
254,55.49987878
255,55.51969043
256,55.53950209
257,55.55931375
258,55.5791254
259,55.59893706
260,55.61874872
261,55.63856037
262,55.65837203
263,55.67818369
264,55.69799534
265,55.717807
266,55.73761866
267,55.75743031
268,55.77724197
269,55.79705363
270,55.81686528
271,55.83667694
272,55.8564886
273,55.87630025
274,55.89611191
275,55.91592357
276,55.93573522
277,55.95554688
278,55.97535854
279,55.99517019
280,56.01498185
281,56.03479351
282,56.05460516
283,56.07441682
284,56.09422848
285,56.11404013
286,56.13385179
287,56.15366344
288,56.1734751
289,56.19328676
290,56.21309841
291,56.23291007
292,56.25272173
293,56.27253338
294,56.29234504
295,56.3121567
296,56.33196835
297,56.35178001
298,56.37159167
299,56.39140332
300,56.41121498
301,56.43102664
302,56.45083829
303,56.47064995
304,56.49046161
305,56.51027326
306,56.53008492
307,56.54989658
308,56.56970823
309,56.58951989
310,56.60933155
311,56.6291432
312,56.64895486
313,56.66876652
314,56.68857817
315,56.70838983
316,56.72820149
317,56.74801314
318,56.7678248
319,56.78763646
320,56.80744811
321,56.82725977
322,56.84707143
323,56.86688308
324,56.88669474
325,56.9065064
326,56.92631805
327,56.94612971
328,56.96594137
329,56.98575302
330,57.00556468
331,57.02537634
332,57.04518799
333,57.06499965
334,57.08481131
335,57.10462296
336,57.12443462
337,57.14424627
338,57.16405793
339,57.18386959
340,57.20368124
341,57.2234929
342,57.24330456
343,57.26311621
344,57.28292787
345,57.30273953
346,57.32255118
347,57.34236284
348,57.3621745
349,57.38198615
350,57.40179781
351,57.42160947
352,57.44142112
353,57.46123278
354,57.48104444
355,57.50085609
356,57.52066775
357,57.54047941
358,57.56029106
359,57.58010272
360,57.59991438
361,57.61972603
362,57.63953769
363,57.65934935
364,57.679161
365,57.69897266
366,57.71878432
367,57.73859597
368,57.75840763
369,57.77821929
370,57.79803094
371,57.8178426
372,57.83765426
373,57.85746591
374,57.87727757
375,57.89708923
376,57.91690088
377,57.93671254
378,57.9565242
379,57.97633585
380,57.99614751
381,58.01595917
382,58.03577082
383,58.05558248
384,58.07539414
385,58.09520579
386,58.11501745
387,58.13482911
388,58.15464076
389,58.17445242
390,58.19426407
391,58.21407573
392,58.23388739
393,58.25369904
394,58.2735107
395,58.29332236
396,58.31313401
397,58.33294567
398,58.35275733
399,58.37256898
400,58.39238064
401,58.4121923
402,58.43200395
403,58.45181561
404,58.47162727
405,58.49143892
406,58.51125058
407,58.53106224
408,58.55087389
409,58.57068555
410,58.59049721
411,58.61030886
412,58.63012052
413,58.64993218
414,58.66974383
415,58.68955549
416,58.70936715
417,58.7291788
418,58.74899046
419,58.76880212
420,58.78861377
421,58.80842543
422,58.82823709
423,58.84804874
424,58.8678604
425,58.88767206
426,58.90748371
427,58.92729537
428,58.94710703
429,58.96691868
430,58.98673034
431,59.006542
432,59.02635365
433,59.04616531
434,59.06597697
435,59.08578862
436,59.10560028
437,59.12541194
438,59.14522359
439,59.16503525
440,59.18484691
441,59.20465856
442,59.22447022
443,59.24428187
444,59.26409353
445,59.28390519
446,59.30371684
447,59.3235285
448,59.34334016
449,59.36315181
450,59.38296347
451,59.40277513
452,59.42258678
453,59.44239844
454,59.4622101
455,59.48202175
456,59.50183341
457,59.52164507
458,59.54145672
459,59.56126838
460,59.58108004
461,59.60089169
462,59.62070335
463,59.64051501
464,59.66032666
465,59.68013832
466,59.69994998
467,59.71976163
468,59.73957329
469,59.75938495
470,59.7791966
471,59.79900826
472,59.81881992
473,59.83863157
474,59.85844323
475,59.87825489
476,59.89806654
477,59.9178782
478,59.93768986
479,59.95750151
480,59.97731317
481,59.99712483
482,60.01693648
483,60.03674814
484,60.0565598
485,60.07637145
486,60.09618311
487,60.11599477
488,60.13580642
489,60.15561808
490,60.17542974
491,60.19524139
492,60.21505305
493,60.2348647
494,60.25467636
495,60.27448802
496,60.29429967
497,60.31411133
498,60.33392299
499,60.35373464
500,60.3735463
501,60.39335796
502,60.41316961
503,60.43298127
504,60.45279293
505,60.47260458
506,60.49241624
507,60.5122279
508,60.53203955
509,60.55185121
510,60.57166287
511,60.59147452
512,60.61128618
513,60.63109784
514,60.65090949
515,60.67072115
516,60.69053281
517,60.71034446
518,60.73015612
519,60.74996778
520,60.76977943
521,60.78959109
522,60.80940275
523,60.8292144
524,60.84902606
525,60.92011498
526,60.9912039
527,61.06229282
528,61.13338174
529,61.20447066
530,61.27555957
531,61.34664849
532,61.41773741
533,61.48882633
534,61.55991525
535,61.63100417
536,61.70209309
537,61.77318201
538,61.84427093
539,61.91535985
540,61.98644876
541,62.05753768
542,62.1286266
543,62.19971552
544,62.27080444
545,62.34189336
546,62.41298228
547,62.4840712
548,62.55516012
549,62.62624904
550,62.69733796
551,62.76842687
552,62.83951579
553,62.91060471
554,62.98169363
555,63.05278255
556,63.12387147
557,63.19496039
558,63.26604931
559,63.33713823
560,63.40822715
561,63.47931607
562,63.55040498
563,63.6214939
564,63.69258282
565,63.76367174
566,63.83476066
567,63.90584958
568,63.9769385
569,64.04802742
570,64.11911634
571,64.19020526
572,64.26129418
573,64.33238309
574,64.40347201
575,64.47456093
576,64.54564985
577,64.61673877
578,64.68782769
579,64.75891661
580,64.83000553
581,64.90109445
582,64.97218337
583,65.04327229
584,65.1143612
585,65.18545012
586,65.25653904
587,65.32762796
588,65.39871688
589,65.4698058
590,65.54089472
591,65.61198364
592,65.68307256
593,65.75416148
594,65.82525039
595,65.89633931
596,65.96742823
597,66.03851715
598,66.10960607
599,66.18069499
600,66.25178391
601,66.32287283
602,66.39396175
603,66.46505067
604,66.53613959
605,66.6072285
606,66.67831742
607,66.74940634
608,66.82049526
609,66.89158418
610,66.9626731
611,67.03376202
612,67.10485094
613,67.17593986
614,67.24702878
615,67.3181177
616,67.38920661
617,67.46029553
618,67.53138445
619,67.60247337
620,67.67356229
621,67.74465121
622,67.81574013
623,67.88682905
624,67.95791797
625,68.02900689
626,68.10009581
627,68.17118472
628,68.24227364
629,68.31336256
630,68.38445148
631,68.4555404
632,68.52662932
633,68.59771824
634,68.66880716
635,68.73989608
636,68.810985
637,68.88207391
638,68.95316283
639,69.02425175
640,69.09534067
641,69.16642959
642,69.23751851
643,69.30860743
644,69.37969635
645,69.45078527
646,69.52187419
647,69.59296311
648,69.66405202
649,69.73514094
650,69.80622986
651,69.87731878
652,69.9484077
653,70.01949662
654,70.09058554
655,70.16167446
656,70.18081381
657,70.19995316
658,70.21909251
659,70.23823186
660,70.25737121
661,70.27651056
662,70.29564991
663,70.31478927
664,70.33392862
665,70.35306797
666,70.37220732
667,70.39134667
668,70.41048602
669,70.42962537
670,70.44876472
671,70.46790407
672,70.48704342
673,70.50618277
674,70.52532213
675,70.54446148
676,70.56360083
677,70.58274018
678,70.60187953
679,70.62101888
680,70.64015823
681,70.65929758
682,70.67843693
683,70.69757628
684,70.71671563
685,70.73585499
686,70.75499434
687,70.77413369
688,70.79327304
689,70.81241239
690,70.83155174
691,70.85069109
692,70.86983044
693,70.88896979
694,70.90810914
695,70.92724849
696,70.94638785
697,70.9655272
698,70.98466655
699,71.0038059
700,71.02294525
701,71.0420846
702,71.06122395
703,71.0803633
704,71.09950265
705,71.118642
706,71.13778135
707,71.1569207
708,71.17606006
709,71.19519941
710,71.21433876
711,71.23347811
712,71.25261746
713,71.27175681
714,71.29089616
715,71.31003551
716,71.32917486
717,71.34831421
718,71.36745356
719,71.38659292
720,71.40573227
721,71.42487162
722,71.44401097
723,71.46315032
724,71.48228967
725,71.50142902
726,71.52056837
727,71.53970772
728,71.55884707
729,71.57798642
730,71.59712578
731,71.61626513
732,71.63540448
733,71.65454383
734,71.67368318
735,71.69282253
736,71.71196188
737,71.73110123
738,71.75024058
739,71.76937993
740,71.78851928
741,71.80765864
742,71.82679799
743,71.84593734
744,71.86507669
745,71.88421604
746,71.90335539
747,71.92249474
748,71.94163409
749,71.96077344
750,71.97991279
751,71.99905214
752,72.0181915
753,72.03733085
754,72.0564702
755,72.07560955
756,72.0947489
757,72.11388825
758,72.1330276
759,72.15216695
760,72.1713063
761,72.19044565
762,72.209585
763,72.22872435
764,72.24786371
765,72.26700306
766,72.28614241
767,72.30528176
768,72.32442111
769,72.34356046
770,72.36269981
771,72.38183916
772,72.40097851
773,72.42011786
774,72.43925721
775,72.45839657
776,72.47753592
777,72.49667527
778,72.51581462
779,72.53495397
780,72.55409332
781,72.57323267
782,72.59237202
783,72.61151137
784,72.63065072
785,72.64979007
786,72.66892943
787,72.68806878
788,72.70720813
789,72.72634748
790,72.74548683
791,72.76462618
792,72.78376553
793,72.80290488
794,72.82204423
795,72.84118358
796,72.86032293
797,72.87946229
798,72.89860164
799,72.91774099
800,72.93688034
801,72.95601969
802,72.97515904
803,72.99429839
804,73.01343774
805,73.03257709
806,73.05171644
807,73.07085579
808,73.08999515
809,73.1091345
810,73.12827385
811,73.1474132
812,73.16655255
813,73.1856919
814,73.20483125
815,73.2239706
816,73.24310995
817,73.2622493
818,73.28138865
819,73.30052801
820,73.31966736
821,73.33880671
822,73.35794606
823,73.37708541
824,73.39622476
825,73.41536411
826,73.43450346
827,73.45364281
828,73.47278216
829,73.49192151
830,73.51106086
831,73.53020022
832,73.54933957
833,73.56847892
834,73.58761827
835,73.60675762
836,73.62589697
837,73.64503632
838,73.66417567
839,73.68331502
840,73.70245437
841,73.72159372
842,73.74073308
843,73.75987243
844,73.77901178
845,73.79815113
846,73.81729048
847,73.83642983
848,73.85556918
849,73.87470853
850,73.89384788
851,73.91298723
852,73.93212658
853,73.95126594
854,73.97040529
855,73.98954464
856,74.00868399
857,74.02782334
858,74.04696269
859,74.06610204
860,74.08524139
861,74.10438074
862,74.12352009
863,74.14265944
864,74.1617988
865,74.18093815
866,74.2000775
867,74.21921685
868,74.2383562
869,74.25749555
870,74.2766349
871,74.29577425
872,74.3149136
873,74.33405295
874,74.3531923
875,74.37233166
876,74.39147101
877,74.41061036
878,74.42974971
879,74.44888906
880,74.46802841
881,74.48716776
882,74.50630711
883,74.52544646
884,74.54458581
885,74.56372516
886,74.58286451
887,74.60200387
888,74.62114322
889,74.64028257
890,74.65942192
891,74.67856127
892,74.69770062
893,74.71683997
894,74.73597932
895,74.75511867
896,74.77425802
897,74.79339737
898,74.81253673
899,74.83167608
900,74.85081543
901,74.86995478
902,74.88909413
903,74.90823348
904,74.92737283
905,74.94651218
906,74.96565153
907,74.98479088
908,75.00393023
909,75.02306959
910,75.04220894
911,75.06134829
912,75.08048764
913,75.09962699
914,75.11876634
915,75.13790569
916,75.15704504
917,75.17618439
918,75.19532374
919,75.21446309
920,75.23360245
921,75.2527418
922,75.27188115
923,75.2910205
924,75.31015985
925,75.3292992
926,75.34843855
927,75.3675779
928,75.38671725
929,75.4058566
930,75.42499595
931,75.44413531
932,75.46327466
933,75.48241401
934,75.50155336
935,75.52069271
936,75.53983206
937,75.55897141
938,75.57811076
939,75.59725011
940,75.61638946
941,75.63552881
942,75.65466817
943,75.67380752
944,75.69294687
945,75.71208622
946,75.73122557
947,75.75036492
948,75.76950427
949,75.78864362
950,75.80778297
951,75.82692232
952,75.84606167
953,75.86520102
954,75.88434038
955,75.90347973
956,75.92261908
957,75.94175843
958,75.96089778
959,75.98003713
960,75.99917648
961,76.01831583
962,76.03745518
963,76.05659453
964,76.07573388
965,76.09487324
966,76.11401259
967,76.13315194
968,76.15229129
969,76.17143064
970,76.19056999
971,76.20970934
972,76.22884869
973,76.24798804
974,76.26712739
975,76.28626674
976,76.3054061
977,76.32454545
978,76.3436848
979,76.36282415
980,76.3819635
981,76.40110285
982,76.4202422
983,76.43938155
984,76.4585209
985,76.47766025
986,76.4967996
987,76.51593896
988,76.53507831
989,76.55421766
990,76.57335701
991,76.59249636
992,76.61163571
993,76.63077506
994,76.64991441
995,76.66905376
996,76.68819311
997,76.70733246
998,76.72647182
999,76.74561117
1000,76.76475052
1001,76.78388987
1002,76.80302922
1003,76.82216857
1004,76.84130792
1005,76.86044727
1006,76.87958662
1007,76.89872597
1008,76.91786532
1009,76.93700467
1010,76.95614403
1011,76.97528338
1012,76.99442273
1013,77.01356208
1014,77.03270143
1015,77.05184078
1016,77.07098013
1017,77.09011948
1018,77.10925883
1019,77.12839818
1020,77.14753753
1021,77.16667689
1022,77.18581624
1023,77.20495559
1024,77.22409494
1025,77.24323429
1026,77.26237364
1027,77.28151299
1028,77.30065234
1029,77.31979169
1030,77.33893104
1031,77.35807039
1032,77.37720975
1033,77.3963491
1034,77.41548845
1035,77.4346278
1036,77.45376715
1037,77.4729065
1038,77.49204585
1039,77.5111852
1040,77.53032455
1041,77.5494639
1042,77.56860325
1043,77.58774261
1044,77.60688196
1045,77.62602131
1046,77.64516066
1047,77.66430001
1048,77.68343936
1049,77.70257871
1050,77.72171806
1051,77.74085741
1052,77.75999676
1053,77.77913611
1054,77.79827547
1055,77.81741482
1056,77.83655417
1057,77.85569352
1058,77.87483287
1059,77.89397222
1060,77.91311157
1061,77.93225092
1062,77.95139027
1063,77.97052962
1064,77.98966897
1065,78.00880833
1066,78.02794768
1067,78.04708703
1068,78.06622638
1069,78.08536573
1070,78.10450508
1071,78.12364443
1072,78.14278378
1073,78.16192313
1074,78.18106248
1075,78.20020183
1076,78.21934118
1077,78.23848054
1078,78.25761989
1079,78.27675924
1080,78.29589859
1081,78.31503794
1082,78.33417729
1083,78.35331664
1084,78.37245599
1085,78.39159534
1086,78.41073469
1087,78.42987404
1088,78.4490134
1089,78.46815275
1090,78.4872921
1091,78.50643145
1092,78.5255708
1093,78.54471015
1094,78.5638495
1095,78.58298885
1096,78.6021282
1097,78.62126755
1098,78.6404069
1099,78.65954626
1100,78.67868561
1101,78.69782496
1102,78.71696431
1103,78.73610366
1104,78.75524301
1105,78.77438236
1106,78.79352171
1107,78.81266106
1108,78.83180041
1109,78.85093976
1110,78.87007912
1111,78.88921847
1112,78.90835782
1113,78.92749717
1114,78.94663652
1115,78.96577587
1116,78.98491522
1117,79.00405457
1118,79.02319392
1119,79.04233327
1120,79.06147262
1121,79.08061198
1122,79.09975133
1123,79.11889068
1124,79.13803003
1125,79.15716938
1126,79.17630873
1127,79.19544808
1128,79.21458743
1129,79.23372678
1130,79.25286613
1131,79.27200548
1132,79.29114484
1133,79.31028419
1134,79.32942354
1135,79.34856289
1136,79.36770224
1137,79.38684159
1138,79.40598094
1139,79.42512029
1140,79.44425964
1141,79.46339899
1142,79.48253834
1143,79.50167769
1144,79.52081705
1145,79.5399564
1146,79.55909575
1147,79.5782351
1148,79.59737445
1149,79.6165138
1150,79.63565315
1151,79.6547925
1152,79.67393185
1153,79.6930712
1154,79.71221055
1155,79.73134991
1156,79.75048926
1157,79.76962861
1158,79.78876796
1159,79.80790731
1160,79.82704666
1161,79.84618601
1162,79.86532536
1163,79.88446471
1164,79.90360406
1165,79.92274341
1166,79.94188277
1167,79.96102212
1168,79.98016147
1169,79.99930082
1170,80.01844017
1171,80.03757952
1172,80.05671887
1173,80.07585822
1174,80.09499757
1175,80.11413692
1176,80.13327627
1177,80.15241563
1178,80.17155498
1179,80.19069433
1180,80.20983368
1181,80.22897303
1182,80.24811238
1183,80.26725173
1184,80.28639108
1185,80.30553043
1186,80.32466978
1187,80.34380913
1188,80.36294849
1189,80.38208784
1190,80.40122719
1191,80.42036654
1192,80.43950589
1193,80.45864524
1194,80.47778459
1195,80.49692394
1196,80.51606329
1197,80.53520264
1198,80.55434199
1199,80.57348134
1200,80.5926207
1201,80.61176005
1202,80.6308994
1203,80.65003875
1204,80.6691781
1205,80.68831745
1206,80.7074568
1207,80.72659615
1208,80.7457355
1209,80.76487485
1210,80.7840142
1211,80.80315356
1212,80.82229291
1213,80.84143226
1214,80.86057161
1215,80.87971096
1216,80.89885031
1217,80.91798966
1218,80.93712901
1219,80.95626836
1220,80.97540771
1221,80.99454706
1222,81.01368642
1223,81.03282577
1224,81.05196512
1225,81.07110447
1226,81.09024382
1227,81.10938317
1228,81.12852252
1229,81.14766187
1230,81.16680122
1231,81.18594057
1232,81.20507992
1233,81.22421928
1234,81.24335863
1235,81.26249798
1236,81.28163733
1237,81.30077668
1238,81.31991603
1239,81.33905538
1240,81.35819473
1241,81.37733408
1242,81.39647343
1243,81.41561278
1244,81.43475214
1245,81.45389149
1246,81.47303084
1247,81.49217019
1248,81.51130954
1249,81.53044889
1250,81.54958824
1251,81.56872759
1252,81.58786694
1253,81.60700629
1254,81.62614564
1255,81.645285
1256,81.66442435
1257,81.6835637
1258,81.70270305
1259,81.7218424
1260,81.74098175
1261,81.7601211
1262,81.77926045
1263,81.7983998
1264,81.81753915
1265,81.8366785
1266,81.85581785
1267,81.87495721
1268,81.89409656
1269,81.91323591
1270,81.93237526
1271,81.95151461
1272,81.97065396
1273,81.98979331
1274,82.00893266
1275,82.02807201
1276,82.04721136
1277,82.06635071
1278,82.08549007
1279,82.10462942
1280,82.12376877
1281,82.14290812
1282,82.16204747
1283,82.18118682
1284,82.20032617
1285,82.21946552
1286,82.23860487
1287,82.25774422
1288,82.27688357
1289,82.29602293
1290,82.31516228
1291,82.33430163
1292,82.35344098
1293,82.37258033
1294,82.39171968
1295,82.41085903
1296,82.42999838
1297,82.44913773
1298,82.46827708
1299,82.48741643
1300,82.50655579
1301,82.52569514
1302,82.54483449
1303,82.56397384
1304,82.58311319
1305,82.60225254
1306,82.62139189
1307,82.64053124
1308,82.65967059
1309,82.67880994
1310,82.69794929
1311,82.71708865
1312,82.736228
1313,82.75536735
1314,82.7745067
1315,82.79364605
1316,82.8127854
1317,82.83192475
1318,82.8510641
1319,82.87020345
1320,82.8893428
1321,82.90848215
1322,82.9276215
1323,82.94676086
1324,82.96590021
1325,82.98503956
1326,83.00417891
1327,83.02331826
1328,83.04245761
1329,83.06159696
1330,83.08073631
1331,83.09987566
1332,83.11901501
1333,83.13815436
1334,83.15729372
1335,83.17643307
1336,83.19557242
1337,83.21471177
1338,83.23385112
1339,83.25299047
1340,83.27212982
1341,83.29126917
1342,83.31040852
1343,83.32954787
1344,83.34868722
1345,83.36782658
1346,83.38696593
1347,83.40610528
1348,83.42524463
1349,83.44438398
1350,83.46352333
1351,83.48266268
1352,83.50180203
1353,83.52094138
1354,83.54008073
1355,83.55922008
1356,83.57835944
1357,83.59749879
1358,83.61663814
1359,83.63577749
1360,83.65491684
1361,83.67405619
1362,83.69319554
1363,83.71233489
1364,83.73147424
1365,83.75061359
1366,83.76975294
1367,83.7888923
1368,83.80803165
1369,83.827171
1370,83.84631035
1371,83.8654497
1372,83.88458905
1373,83.9037284
1374,83.92286775
1375,83.9420071
1376,83.96114645
1377,83.9802858
1378,83.99942516
1379,84.01856451
1380,84.03770386
1381,84.05684321
1382,84.07598256
1383,84.09512191
1384,84.11426126
1385,84.13340061
1386,84.15253996
1387,84.17167931
1388,84.19081866
1389,84.20995801
1390,84.22909737
1391,84.24823672
1392,84.26737607
1393,84.28651542
1394,84.30565477
1395,84.32479412
1396,84.34393347
1397,84.36307282
1398,84.38221217
1399,84.40135152
1400,84.42049087
1401,84.43963023
1402,84.45876958
1403,84.47790893
1404,84.49704828
1405,84.51618763
1406,84.53532698
1407,84.55446633
1408,84.57360568
1409,84.59274503
1410,84.61188438
1411,84.63102373
1412,84.65016309
1413,84.66930244
1414,84.68844179
1415,84.70758114
1416,84.72672049
1417,84.74585984
1418,84.76499919
1419,84.78413854
1420,84.80327789
1421,84.82241724
1422,84.84155659
1423,84.86069595
1424,84.8798353
1425,84.89897465
1426,84.918114
1427,84.93725335
1428,84.9563927
1429,84.97553205
1430,84.9946714
1431,85.01381075
1432,85.0329501
1433,85.05208945
1434,85.07122881
1435,85.09036816
1436,85.10950751
1437,85.12864686
1438,85.14778621
1439,85.16692556
1440,85.18606491
1441,85.20520426
1442,85.22434361
1443,85.24348296
1444,85.26262231
1445,85.28176167
1446,85.30090102
1447,85.32004037
1448,85.33917972
1449,85.35831907
1450,85.37745842
1451,85.39659777
1452,85.41573712
1453,85.43487647
1454,85.45401582
1455,85.47315517
1456,85.49229452
1457,85.51143388
1458,85.53057323
1459,85.54971258
1460,85.56885193
1461,85.58799128
1462,85.60713063
1463,85.62626998
1464,85.64540933
1465,85.66454868
1466,85.68368803
1467,85.70282738
1468,85.72196674
1469,85.74110609
1470,85.76024544
1471,85.77938479
1472,85.79852414
1473,85.81766349
1474,85.83680284
1475,85.85594219
1476,85.87508154
1477,85.89422089
1478,85.91336024
1479,85.9324996
1480,85.95163895
1481,85.9707783
1482,85.98991765
1483,86.009057
1484,86.02819635
1485,86.0473357
1486,86.06647505
1487,86.0856144
1488,86.10475375
1489,86.1238931
1490,86.14303246
1491,86.16217181
1492,86.18131116
1493,86.20045051
1494,86.21958986
1495,86.23872921
1496,86.25786856
1497,86.27700791
1498,86.29614726
1499,86.31528661
1500,86.33442596
1501,86.35356532
1502,86.37270467
1503,86.39184402
1504,86.41098337
1505,86.43012272
1506,86.44926207
1507,86.46840142
1508,86.48754077
1509,86.50668012
1510,86.52581947
1511,86.54495882
1512,86.56409817
1513,86.58323753
1514,86.60237688
1515,86.62151623
1516,86.64065558
1517,86.65979493
1518,86.67893428
1519,86.69807363
1520,86.71721298
1521,86.73635233
1522,86.75549168
1523,86.77463103
1524,86.79377039
1525,86.81290974
1526,86.83204909
1527,86.85118844
1528,86.87032779
1529,86.88946714
1530,86.90860649
1531,86.92774584
1532,86.94688519
1533,86.96602454
1534,86.98516389
1535,87.00430325
1536,87.0234426
1537,87.04258195
1538,87.0617213
1539,87.08086065
1540,87.1
1541,87.11913935
1542,87.1382787
1543,87.15741805
1544,87.1765574
1545,87.19569675
1546,87.21483611
1547,87.23397546
1548,87.25311481
1549,87.27225416
1550,87.29139351
1551,87.31053286
1552,87.32967221
1553,87.34881156
1554,87.36795091
1555,87.38709026
1556,87.40622961
1557,87.42536897
1558,87.44450832
1559,87.46364767
1560,87.48278702
1561,87.50192637
1562,87.52106572
1563,87.54020507
1564,87.55934442
1565,87.57848377
1566,87.59762312
1567,87.61676247
1568,87.63590183
1569,87.65504118
1570,87.67418053
1571,87.69331988
1572,87.71245923
1573,87.73159858
1574,87.75073793
1575,87.76987728
1576,87.78901663
1577,87.80815598
1578,87.82729533
1579,87.84643468
1580,87.86557404
1581,87.88471339
1582,87.90385274
1583,87.92299209
1584,87.94213144
1585,87.96127079
1586,87.98041014
1587,87.99954949
1588,88.01868884
1589,88.03782819
1590,88.05696754
1591,88.0761069
1592,88.09524625
1593,88.1143856
1594,88.13352495
1595,88.1526643
1596,88.17180365
1597,88.190943
1598,88.21008235
1599,88.2292217
1600,88.24836105
1601,88.2675004
1602,88.28663976
1603,88.30577911
1604,88.32491846
1605,88.34405781
1606,88.36319716
1607,88.38233651
1608,88.40147586
1609,88.42061521
1610,88.43975456
1611,88.45889391
1612,88.47803326
1613,88.49717262
1614,88.51631197
1615,88.53545132
1616,88.55459067
1617,88.57373002
1618,88.59286937
1619,88.61200872
1620,88.63114807
1621,88.65028742
1622,88.66942677
1623,88.68856612
1624,88.70770548
1625,88.72684483
1626,88.74598418
1627,88.76512353
1628,88.78426288
1629,88.80340223
1630,88.82254158
1631,88.84168093
1632,88.86082028
1633,88.87995963
1634,88.89909898
1635,88.91823833
1636,88.93737769
1637,88.95651704
1638,88.97565639
1639,88.99479574
1640,89.01393509
1641,89.03307444
1642,89.05221379
1643,89.07135314
1644,89.09049249
1645,89.10963184
1646,89.12877119
1647,89.14791055
1648,89.1670499
1649,89.18618925
1650,89.2053286
1651,89.22446795
1652,89.2436073
1653,89.26274665
1654,89.281886
1655,89.30102535
1656,89.3201647
1657,89.33930405
1658,89.35844341
1659,89.37758276
1660,89.39672211
1661,89.41586146
1662,89.43500081
1663,89.45414016
1664,89.47327951
1665,89.49241886
1666,89.51155821
1667,89.53069756
1668,89.54983691
1669,89.56897627
1670,89.58811562
1671,89.60725497
1672,89.62639432
1673,89.64553367
1674,89.66467302
1675,89.68381237
1676,89.70295172
1677,89.72209107
1678,89.74123042
1679,89.76036977
1680,89.77950913
1681,89.79864848
1682,89.81778783
1683,89.83692718
1684,89.85606653
1685,89.87520588
1686,89.89434523
1687,89.91348458
1688,89.93262393
1689,89.95176328
1690,89.97090263
1691,89.99004199
1692,90.00918134
1693,90.02832069
1694,90.04746004
1695,90.06659939
1696,90.08573874
1697,90.10487809
1698,90.12401744
1699,90.14315679
1700,90.16229614
1701,90.18143549
1702,90.20057484
1703,90.2197142
1704,90.23885355
1705,90.2579929
1706,90.27713225
1707,90.2962716
1708,90.31541095
1709,90.3345503
1710,90.35368965
1711,90.372829
1712,90.39196835
1713,90.4111077
1714,90.43024706
1715,90.44938641
1716,90.46852576
1717,90.48766511
1718,90.50680446
1719,90.52594381
1720,90.54508316
1721,90.56422251
1722,90.58336186
1723,90.60250121
1724,90.62164056
1725,90.64077992
1726,90.65991927
1727,90.67905862
1728,90.69819797
1729,90.71733732
1730,90.73647667
1731,90.75561602
1732,90.77475537
1733,90.79389472
1734,90.81303407
1735,90.83217342
1736,90.85131278
1737,90.87045213
1738,90.88959148
1739,90.90873083
1740,90.92787018
1741,90.94700953
1742,90.96614888
1743,90.98528823
1744,91.00442758
1745,91.02356693
1746,91.04270628
1747,91.06184564
1748,91.08098499
1749,91.10012434
1750,91.11926369
1751,91.13840304
1752,91.15754239
1753,91.17668174
1754,91.19582109
1755,91.21496044
1756,91.23409979
1757,91.25323914
1758,91.2723785
1759,91.29151785
1760,91.3106572
1761,91.32979655
1762,91.3489359
1763,91.36807525
1764,91.3872146
1765,91.40635395
1766,91.4254933
1767,91.44463265
1768,91.463772
1769,91.48291135
1770,91.50205071
1771,91.52119006
1772,91.54032941
1773,91.55946876
1774,91.57860811
1775,91.59774746
1776,91.61688681
1777,91.63602616
1778,91.65516551
1779,91.67430486
1780,91.69344421
1781,91.71258357
1782,91.73172292
1783,91.75086227
1784,91.77000162
1785,91.78914097
1786,91.80828032
1787,91.82741967
1788,91.84655902
1789,91.86569837
1790,91.88483772
1791,91.90397707
1792,91.92311643
1793,91.94225578
1794,91.96139513
1795,91.98053448
1796,91.99967383
1797,92.01881318
1798,92.03795253
1799,92.05709188
1800,92.07623123
1801,92.09537058
1802,92.11450993
1803,92.13364929
1804,92.15278864
1805,92.17192799
1806,92.19106734
1807,92.21020669
1808,92.22934604
1809,92.24848539
1810,92.26762474
1811,92.28676409
1812,92.30590344
1813,92.32504279
1814,92.34418215
1815,92.3633215
1816,92.38246085
1817,92.4016002
1818,92.42073955
1819,92.4398789
1820,92.45901825
1821,92.4781576
1822,92.49729695
1823,92.5164363
1824,92.53557565
1825,92.554715
1826,92.57385436
1827,92.59299371
1828,92.61213306
1829,92.63127241
1830,92.65041176
1831,92.66955111
1832,92.68869046
1833,92.70782981
1834,92.72696916
1835,92.74610851
1836,92.76524786
1837,92.78438722
1838,92.80352657
1839,92.82266592
1840,92.84180527
1841,92.86094462
1842,92.88008397
1843,92.89922332
1844,92.91836267
1845,92.93750202
1846,92.95664137
1847,92.97578072
1848,92.99492008
1849,93.01405943
1850,93.03319878
1851,93.05233813
1852,93.07147748
1853,93.09061683
1854,93.10975618
1855,93.12889553
1856,93.14803488
1857,93.16717423
1858,93.18631358
1859,93.20545294
1860,93.22459229
1861,93.24373164
1862,93.26287099
1863,93.28201034
1864,93.30114969
1865,93.32028904
1866,93.33942839
1867,93.35856774
1868,93.37770709
1869,93.39684644
1870,93.4159858
1871,93.43512515
1872,93.4542645
1873,93.47340385
1874,93.4925432
1875,93.51168255
1876,93.5308219
1877,93.54996125
1878,93.5691006
1879,93.58823995
1880,93.6073793
1881,93.62651866
1882,93.64565801
1883,93.66479736
1884,93.68393671
1885,93.70307606
1886,93.72221541
1887,93.74135476
1888,93.76049411
1889,93.77963346
1890,93.79877281
1891,93.81791216
1892,93.83705151
1893,93.85619087
1894,93.87533022
1895,93.89446957
1896,93.91360892
1897,93.93274827
1898,93.95188762
1899,93.97102697
1900,93.99016632
1901,94.00930567
1902,94.02844502
1903,94.04758437
1904,94.06672373
1905,94.08586308
1906,94.10500243
1907,94.12414178
1908,94.14328113
1909,94.16242048
1910,94.18155983
1911,94.20069918
1912,94.21983853
1913,94.23897788
1914,94.25811723
1915,94.27725659
1916,94.29639594
1917,94.31553529
1918,94.33467464
1919,94.35381399
1920,94.37295334
1921,94.39209269
1922,94.41123204
1923,94.43037139
1924,94.44951074
1925,94.46865009
1926,94.48778945
1927,94.5069288
1928,94.52606815
1929,94.5452075
1930,94.56434685
1931,94.5834862
1932,94.60262555
1933,94.6217649
1934,94.64090425
1935,94.6600436
1936,94.67918295
1937,94.69832231
1938,94.71746166
1939,94.73660101
1940,94.75574036
1941,94.77487971
1942,94.79401906
1943,94.81315841
1944,94.83229776
1945,94.85143711
1946,94.87057646
1947,94.88971581
1948,94.90885516
1949,94.92799452
1950,94.94713387
1951,94.96627322
1952,94.98541257
1953,95.00455192
1954,95.02369127
1955,95.04283062
1956,95.06196997
1957,95.08110932
1958,95.10024867
1959,95.11938802
1960,95.13852738
1961,95.15766673
1962,95.17680608
1963,95.19594543
1964,95.21508478
1965,95.23422413
1966,95.25336348
1967,95.27250283
1968,95.29164218
1969,95.31078153
1970,95.32992088
1971,95.34906024
1972,95.36819959
1973,95.38733894
1974,95.40647829
1975,95.42561764
1976,95.44475699
1977,95.46389634
1978,95.48303569
1979,95.50217504
1980,95.52131439
1981,95.54045374
1982,95.5595931
1983,95.57873245
1984,95.5978718
1985,95.61701115
1986,95.6361505
1987,95.65528985
1988,95.6744292
1989,95.69356855
1990,95.7127079
1991,95.73184725
1992,95.7509866
1993,95.77012596
1994,95.78926531
1995,95.80840466
1996,95.82754401
1997,95.84668336
1998,95.86582271
1999,95.88496206
2000,95.90410141
2001,95.92324076
2002,95.94238011
2003,95.96151946
2004,95.98065882
2005,95.99979817
2006,96.01893752
2007,96.03807687
2008,96.05721622
2009,96.07635557
2010,96.09549492
2011,96.11463427
2012,96.13377362
2013,96.15291297
2014,96.17205232
2015,96.19119167
2016,96.21033103
2017,96.22947038
2018,96.24860973
2019,96.26774908
2020,96.28688843
2021,96.30602778
2022,96.32516713
2023,96.34430648
2024,96.36344583
2025,96.38258518
2026,96.40172453
2027,96.42086389
2028,96.44000324
2029,96.45914259
2030,96.47828194
2031,96.49742129
2032,96.51656064
2033,96.53569999
2034,96.55483934
2035,96.57397869
2036,96.59311804
2037,96.61225739
2038,96.63139675
2039,96.6505361
2040,96.66967545
2041,96.6888148
2042,96.70795415
2043,96.7270935
2044,96.74623285
2045,96.7653722
2046,96.78451155
2047,96.8036509
2048,96.82279025
2049,96.84192961
2050,96.86106896
2051,96.88020831
2052,96.89934766
2053,96.91848701
2054,96.93762636
2055,96.95676571
2056,96.97590506
2057,96.99504441
2058,97.01418376
2059,97.03332311
2060,97.05246247
2061,97.07160182
2062,97.09074117
2063,97.10988052
2064,97.12901987
2065,97.14815922
2066,97.16729857
2067,97.18643792
2068,97.20557727
2069,97.22471662
2070,97.24385597
2071,97.26299533
2072,97.28213468
2073,97.30127403
2074,97.32041338
2075,97.33955273
2076,97.35869208
2077,97.37783143
2078,97.39697078
2079,97.41611013
2080,97.43524948
2081,97.45438883
2082,97.47352818
2083,97.49266754
2084,97.51180689
2085,97.53094624
2086,97.55008559
2087,97.56922494
2088,97.58836429
2089,97.60750364
2090,97.62664299
2091,97.64578234
2092,97.66492169
2093,97.68406104
2094,97.7032004
2095,97.72233975
2096,97.7414791
2097,97.76061845
2098,97.7797578
2099,97.79889715
2100,97.8180365
2101,97.83717585
2102,97.8563152
2103,97.87545455
2104,97.8945939
2105,97.91373326
2106,97.93287261
2107,97.95201196
2108,97.97115131
2109,97.99029066
2110,98.00943001
2111,98.02856936
2112,98.04770871
2113,98.06684806
2114,98.08598741
2115,98.10512676
2116,98.12426612
2117,98.14340547
2118,98.16254482
2119,98.18168417
2120,98.20082352
2121,98.21996287
2122,98.23910222
2123,98.25824157
2124,98.27738092
2125,98.29652027
2126,98.31565962
2127,98.33479898
2128,98.35393833
2129,98.37307768
2130,98.39221703
2131,98.41135638
2132,98.43049573
2133,98.44963508
2134,98.46877443
2135,98.48791378
2136,98.50705313
2137,98.52619248
2138,98.54533183
2139,98.56447119
2140,98.58361054
2141,98.60274989
2142,98.62188924
2143,98.64102859
2144,98.66016794
2145,98.67930729
2146,98.69844664
2147,98.71758599
2148,98.73672534
2149,98.75586469
2150,98.77500405
2151,98.7941434
2152,98.81328275
2153,98.8324221
2154,98.85156145
2155,98.8707008
2156,98.88984015
2157,98.9089795
2158,98.92811885
2159,98.9472582
2160,98.96639755
2161,98.98553691
2162,99.00467626
2163,99.02381561
2164,99.04295496
2165,99.06209431
2166,99.08123366
2167,99.10037301
2168,99.11951236
2169,99.13865171
2170,99.15779106
2171,99.17693041
2172,99.19606977
2173,99.21520912
2174,99.23434847
2175,99.25348782
2176,99.27262717
2177,99.29176652
2178,99.31090587
2179,99.33004522
2180,99.34918457
2181,99.36832392
2182,99.38746327
2183,99.40660263
2184,99.42574198
2185,99.44488133
2186,99.46402068
2187,99.48316003
2188,99.50229938
2189,99.52143873
2190,99.54057808
2191,99.55971743
2192,99.57885678
2193,99.59799613
2194,99.61713549
2195,99.63627484
2196,99.65541419
2197,99.67455354
2198,99.69369289
2199,99.71283224
2200,99.73197159
2201,99.75111094
2202,99.77025029
2203,99.78938964
2204,99.80852899
2205,99.82766834
2206,99.8468077
2207,99.86594705
2208,99.8850864
2209,99.90422575
2210,99.9233651
2211,99.94250445
2212,99.9616438
2213,99.98078315
2214,99.9999225
2215,100.0190619
2216,100.0382012
2217,100.0573406
2218,100.0764799
2219,100.0956193
2220,100.1147586
2221,100.133898
2222,100.1530373
2223,100.1721767
2224,100.191316
2225,100.2104554
2226,100.2295947
2227,100.2487341
2228,100.2678734
2229,100.2870128
2230,100.3061521
2231,100.3252915
2232,100.3444308
2233,100.3635702
2234,100.3827095
2235,100.4018489
2236,100.4209882
2237,100.4401276
2238,100.4592669
2239,100.4784063
2240,100.4975456
2241,100.516685
2242,100.5358243
2243,100.5549637
2244,100.574103
2245,100.5932424
2246,100.6123817
2247,100.6315211
2248,100.6506604
2249,100.6697998
2250,100.6889391
2251,100.7080785
2252,100.7272178
2253,100.7463572
2254,100.7654965
2255,100.7846359
2256,100.8037752
2257,100.8229146
2258,100.8420539
2259,100.8611933
2260,100.8803326
2261,100.899472
2262,100.9186113
2263,100.9377507
2264,100.95689
2265,100.9760294
2266,100.9951687
2267,101.0143081
2268,101.0334475
2269,101.0525868
2270,101.0717262
2271,101.0908655
2272,101.1100049
2273,101.1291442
2274,101.1482836
2275,101.1674229
2276,101.1865623
2277,101.2057016
2278,101.224841
2279,101.2439803
2280,101.2631197
2281,101.282259
2282,101.3013984
2283,101.3205377
2284,101.3396771
2285,101.3588164
2286,101.3779558
2287,101.3970951
2288,101.4162345
2289,101.4353738
2290,101.4545132
2291,101.4736525
2292,101.4927919
2293,101.5119312
2294,101.5310706
2295,101.5502099
2296,101.5693493
2297,101.5884886
2298,101.607628
2299,101.6267673
2300,101.6459067
2301,101.665046
2302,101.6841854
2303,101.7033247
2304,101.7224641
2305,101.7416034
2306,101.7607428
2307,101.7798821
2308,101.7990215
2309,101.8181608
2310,101.8373002
2311,101.8564395
2312,101.8755789
2313,101.8947182
2314,101.9138576
2315,101.9329969
2316,101.9521363
2317,101.9712756
2318,101.990415
2319,102.0095543
2320,102.0286937
2321,102.047833
2322,102.0669724
2323,102.0861118
2324,102.1052511
2325,102.1243905
2326,102.1435298
2327,102.1626692
2328,102.1818085
2329,102.2009479
2330,102.2200872
2331,102.2392266
2332,102.2583659
2333,102.2775053
2334,102.2966446
2335,102.315784
2336,102.3349233
2337,102.3540627
2338,102.373202
2339,102.3923414
2340,102.4114807
2341,102.4306201
2342,102.4497594
2343,102.4688988
2344,102.4880381
2345,102.5071775
2346,102.5263168
2347,102.5454562
2348,102.5645955
2349,102.5837349
2350,102.6028742
2351,102.6220136
2352,102.6411529
2353,102.6602923
2354,102.6794316
2355,102.698571
2356,102.7177103
2357,102.7368497
2358,102.755989
2359,102.7751284
2360,102.7942677
2361,102.8134071
2362,102.8325464
2363,102.8516858
2364,102.8708251
2365,102.8899645
2366,102.9091038
2367,102.9282432
2368,102.9473825
2369,102.9665219
2370,102.9856612
2371,103.0048006
2372,103.0239399
2373,103.0430793
2374,103.0622186
2375,103.081358
2376,103.1004973
2377,103.1196367
2378,103.138776
2379,103.1579154
2380,103.1770548
2381,103.1961941
2382,103.2153335
2383,103.2344728
2384,103.2536122
2385,103.2727515
2386,103.2918909
2387,103.3110302
2388,103.3301696
2389,103.3493089
2390,103.3684483
2391,103.3875876
2392,103.406727
2393,103.4258663
2394,103.4450057
2395,103.464145
2396,103.4832844
2397,103.5024237
2398,103.5215631
2399,103.5407024
2400,103.5598418
2401,103.5789811
2402,103.5981205
2403,103.6172598
2404,103.6363992
2405,103.6555385
2406,103.6746779
2407,103.6938172
2408,103.7129566
2409,103.7320959
2410,103.7512353
2411,103.7703746
2412,103.789514
2413,103.8086533
2414,103.8277927
2415,103.846932
2416,103.8660714
2417,103.8852107
2418,103.9043501
2419,103.9234894
2420,103.9426288
2421,103.9617681
2422,103.9809075
2423,104.0000468
2424,104.0191862
2425,104.0383255
2426,104.0574649
2427,104.0766042
2428,104.0957436
2429,104.1148829
2430,104.1340223
2431,104.1531616
2432,104.172301
2433,104.1914403
2434,104.2105797
2435,104.2297191
2436,104.2488584
2437,104.2679978
2438,104.2871371
2439,104.3062765
2440,104.3254158
2441,104.3445552
2442,104.3636945
2443,104.3828339
2444,104.4019732
2445,104.4211126
2446,104.4402519
2447,104.4593913
2448,104.4785306
2449,104.49767
2450,104.5168093
2451,104.5359487
2452,104.555088
2453,104.5742274
2454,104.5933667
2455,104.6125061
2456,104.6316454
2457,104.6507848
2458,104.6699241
2459,104.6890635
2460,104.7082028
2461,104.7273422
2462,104.7464815
2463,104.7656209
2464,104.7847602
2465,104.8038996
2466,104.8230389
2467,104.8421783
2468,104.8613176
2469,104.880457
2470,104.8995963
2471,104.9187357
2472,104.937875
2473,104.9570144
2474,104.9761537
2475,104.9952931
2476,105.0144324
2477,105.0335718
2478,105.0527111
2479,105.0718505
2480,105.0909898
2481,105.1101292
2482,105.1292685
2483,105.1484079
2484,105.1675472
2485,105.1866866
2486,105.2058259
2487,105.2249653
2488,105.2441046
2489,105.263244
2490,105.2823833
2491,105.3015227
2492,105.3206621
2493,105.3398014
2494,105.3589408
2495,105.3780801
2496,105.3972195
2497,105.4163588
2498,105.4354982
2499,105.4546375
2500,105.4737769
